Epochs,Normal Epoch Times,PAI Epoch Times
0,171.98222374916077,
1,1602.0243291854858,
2,377.16214394569397,
