Epochs,Validation Scores,Validation Running Scores
0,-67.51302132748799,
1,-73.83493562250085,
2,-55.67005533877757,
3,-12.712834045882065,
0,,-67.51302132748799
1,,-73.83493562250085
2,,-55.67005533877757
3,,-12.712834045882065
