Epochs,Validation Scores,Validation Running Scores
0,-67.51302132748799,
1,-73.83493562250085,
0,,-67.51302132748799
1,,-73.83493562250085
