Param Counts,Max Valid Scores,Max Test Scores
6213,-67.51302132748799,-67.51302132748799
12559,-73.83493562250085,-73.83493562250085
