Epochs,learning_rate
0,0.00025
1,0.00025
2,0.00025
