Param Counts,Max Valid Scores,Max Test Scores
6213,-67.51302132748799,-67.51302132748799
12559,-73.83493562250085,-73.83493562250085
19304,-55.67005533877757,-55.67005533877757
26315,-12.712834045882065,-12.712834045882065
33592,3.32414033511524,3.32414033511524
41135,72.81473412329619,72.81473412329619
