Epochs,learning_rate
0,0.00025
1,0.00025
2,0.00025
3,0.00025
4,0.00025
5,0.00025
6,0.00025
7,0.00025
8,0.00025
9,0.00025
